{
  "metadata": {
    "model": "ResNet50-CIFAR",
    "seed": 42,
    "device": "cuda",
    "calibration_set_indices_path": "/home/andrea/projects/abns/Bi_project/code/results/calib_indices.pt",
    "n_calibration": 2500,
    "n_test": 10000,
    "baseline_accuracy": 0.9464,
    "env": {
      "python": "3.13.9",
      "torch": "2.10.0+cu128",
      "cuda_available": true,
      "device_name": "NVIDIA GeForce RTX 4070 Laptop GPU",
      "cuda_version": "12.8"
    }
  },
  "bi_geo": {
    "layer1.0": 0.59118,
    "layer1.1": 0.109834,
    "layer1.2": 0.052912,
    "layer2.0": 0.483206,
    "layer2.1": 0.04162,
    "layer2.2": 0.028284,
    "layer2.3": 0.028143,
    "layer3.0": 0.609367,
    "layer3.1": 0.033877,
    "layer3.2": 0.027723,
    "layer3.3": 0.03345,
    "layer3.4": 0.035659,
    "layer3.5": 0.047878,
    "layer4.0": 0.058426,
    "layer4.1": 0.019169,
    "layer4.2": 0.019027
  },
  "bi_acc": {
    "layer1.0": 0.2794,
    "layer1.1": 0.0956,
    "layer1.2": 0.0342,
    "layer2.0": 0.1721,
    "layer2.1": 0.0128,
    "layer2.2": 0.0114,
    "layer2.3": 0.0063,
    "layer3.0": 0.2619,
    "layer3.1": 0.01,
    "layer3.2": 0.0103,
    "layer3.3": 0.0143,
    "layer3.4": 0.0186,
    "layer3.5": 0.0185,
    "layer4.0": 0.0373,
    "layer4.1": 0.0047,
    "layer4.2": 0.006
  },
  "bi_rep": {
    "layer1.0": 0.366225,
    "layer1.1": 0.136702,
    "layer1.2": 0.06393,
    "layer2.0": 0.228477,
    "layer2.1": 0.017674,
    "layer2.2": 0.017457,
    "layer2.3": 0.013234,
    "layer3.0": 0.313499,
    "layer3.1": 0.01839,
    "layer3.2": 0.017437,
    "layer3.3": 0.022986,
    "layer3.4": 0.033633,
    "layer3.5": 0.042768,
    "layer4.0": 0.134974,
    "layer4.1": 0.040104,
    "layer4.2": 0.04725
  },
  "bi_rep_multilayer": {
    "layer1.0": {
      "layer1": 0.931355,
      "layer2": 0.865627,
      "layer3": 0.705058,
      "layer4": 0.633775,
      "avgpool": 0.633775
    },
    "layer3.0": {
      "layer1": 1.0,
      "layer2": 1.0,
      "layer3": 0.757089,
      "layer4": 0.686501,
      "avgpool": 0.686501
    },
    "layer2.0": {
      "layer1": 1.0,
      "layer2": 0.891935,
      "layer3": 0.781316,
      "layer4": 0.771523,
      "avgpool": 0.771523
    }
  },
  "phase2_warnings": [
    "Monotonicity heuristic violated: BIacc[layer4.2]=0.0060 < BIacc[layer1.0]=0.2794. Manual inspection advised."
  ],
  "bi_rep_gram": {
    "layer1.0": 0.366236,
    "layer1.1": 0.136707,
    "layer1.2": 0.063941,
    "layer2.0": 0.228464,
    "layer2.1": 0.017678,
    "layer2.2": 0.017464,
    "layer2.3": 0.013237,
    "layer3.0": 0.313478,
    "layer3.1": 0.018392,
    "layer3.2": 0.017438,
    "layer3.3": 0.022996,
    "layer3.4": 0.033637,
    "layer3.5": 0.042778,
    "layer4.0": 0.134967,
    "layer4.1": 0.0401,
    "layer4.2": 0.047267
  },
  "bi_rep_class": {
    "layer1.0": 0.029675,
    "layer1.1": 0.009639,
    "layer1.2": 0.00236,
    "layer2.0": 0.014817,
    "layer2.1": 0.000321,
    "layer2.2": 0.000447,
    "layer2.3": 0.000347,
    "layer3.0": 0.032058,
    "layer3.1": 0.000615,
    "layer3.2": 0.000589,
    "layer3.3": 0.001129,
    "layer3.4": 0.002312,
    "layer3.5": 0.003257,
    "layer4.0": 0.012991,
    "layer4.1": 0.003268,
    "layer4.2": 0.008996
  },
  "s_intact_10x10": [
    [
      1.0,
      0.3924276828765869,
      0.4881417155265808,
      0.42688024044036865,
      0.4326205253601074,
      0.3577950596809387,
      0.3400738835334778,
      0.41010287404060364,
      0.4514075219631195,
      0.3952999413013458
    ],
    [
      0.3924276828765869,
      0.9999998807907104,
      0.3357491195201874,
      0.3530932068824768,
      0.31440138816833496,
      0.35242751240730286,
      0.3889918327331543,
      0.35132068395614624,
      0.3864671587944031,
      0.44678357243537903
    ],
    [
      0.4881417155265808,
      0.3357491195201874,
      1.0,
      0.4640851616859436,
      0.49283379316329956,
      0.4636302590370178,
      0.47754883766174316,
      0.42645037174224854,
      0.3849951922893524,
      0.3072957396507263
    ],
    [
      0.42688024044036865,
      0.3530932068824768,
      0.4640851616859436,
      0.9999998807907104,
      0.45331645011901855,
      0.5061909556388855,
      0.445739209651947,
      0.4277363121509552,
      0.36856988072395325,
      0.39872676134109497
    ],
    [
      0.4326205253601074,
      0.31440138816833496,
      0.49283379316329956,
      0.45331645011901855,
      1.0000001192092896,
      0.43711286783218384,
      0.45498472452163696,
      0.4491914212703705,
      0.32648587226867676,
      0.3113633096218109
    ],
    [
      0.3577950596809387,
      0.35242751240730286,
      0.4636302590370178,
      0.5061909556388855,
      0.43711286783218384,
      0.9999997615814209,
      0.40854334831237793,
      0.45013147592544556,
      0.32482820749282837,
      0.341402143239975
    ],
    [
      0.3400738835334778,
      0.3889918327331543,
      0.47754883766174316,
      0.445739209651947,
      0.45498472452163696,
      0.40854334831237793,
      0.9999998807907104,
      0.36018380522727966,
      0.34150850772857666,
      0.3169790506362915
    ],
    [
      0.41010287404060364,
      0.35132068395614624,
      0.42645037174224854,
      0.4277363121509552,
      0.4491914212703705,
      0.45013147592544556,
      0.36018380522727966,
      1.0,
      0.29226067662239075,
      0.3710300624370575
    ],
    [
      0.4514075219631195,
      0.3864671587944031,
      0.3849951922893524,
      0.36856988072395325,
      0.32648587226867676,
      0.32482820749282837,
      0.34150850772857666,
      0.29226067662239075,
      1.0,
      0.3689703643321991
    ],
    [
      0.3952999413013458,
      0.44678357243537903,
      0.3072957396507263,
      0.39872676134109497,
      0.3113633096218109,
      0.341402143239975,
      0.3169790506362915,
      0.3710300624370575,
      0.3689703643321991,
      1.0
    ]
  ]
}