{
  "primary_candidate": [
    "layer4.0"
  ],
  "secondary_candidates": [],
  "pruning": {
    "strategy1_order": [
      "layer4.1",
      "layer4.2",
      "layer2.3",
      "layer3.1",
      "layer3.2",
      "layer2.2",
      "layer2.1",
      "layer3.3",
      "layer3.5",
      "layer3.4",
      "layer1.2",
      "layer4.0",
      "layer1.1",
      "layer2.0",
      "layer3.0",
      "layer1.0"
    ],
    "strategy2_order": [
      "layer4.0",
      "layer1.0",
      "layer2.0",
      "layer3.0",
      "layer4.2",
      "layer1.1",
      "layer4.1",
      "layer1.2",
      "layer3.5",
      "layer3.4",
      "layer3.3",
      "layer3.1",
      "layer3.2",
      "layer2.3",
      "layer2.2",
      "layer2.1"
    ],
    "strategy3_order": [
      "layer2.3",
      "layer3.2",
      "layer2.2",
      "layer2.1",
      "layer3.1",
      "layer3.3",
      "layer3.4",
      "layer4.1",
      "layer3.5",
      "layer4.2",
      "layer1.2",
      "layer4.0",
      "layer1.1",
      "layer2.0",
      "layer3.0",
      "layer1.0"
    ],
    "strategy1_cumulative_biacc": [
      0.0047,
      0.0107,
      0.017,
      0.027,
      0.0373,
      0.0487,
      0.0615,
      0.0758,
      0.0943,
      0.1129,
      0.1471,
      0.1844,
      0.28,
      0.4521,
      0.714,
      0.9934
    ],
    "strategy1_cumulative_birep": [
      0.040104,
      0.087354,
      0.100588,
      0.118978,
      0.136415,
      0.153872,
      0.171546,
      0.194532,
      0.2373,
      0.270933,
      0.334863,
      0.469837,
      0.606539,
      0.835016,
      1.148515,
      1.51474
    ],
    "strategy2_cumulative_biacc": [
      0.0373,
      0.3167,
      0.4888,
      0.7507,
      0.7567,
      0.8523,
      0.857,
      0.8912,
      0.9097,
      0.9283,
      0.9426,
      0.9526,
      0.9629,
      0.9692,
      0.9806,
      0.9934
    ],
    "strategy2_cumulative_birep": [
      0.134974,
      0.501199,
      0.729676,
      1.043175,
      1.090425,
      1.227127,
      1.267231,
      1.331161,
      1.373929,
      1.407562,
      1.430548,
      1.448938,
      1.466375,
      1.479609,
      1.497066,
      1.51474
    ],
    "strategy3_cumulative_biacc": [
      0.0063,
      0.0166,
      0.028,
      0.0408,
      0.0508,
      0.0651,
      0.0837,
      0.0884,
      0.1069,
      0.1129,
      0.1471,
      0.1844,
      0.28,
      0.4521,
      0.714,
      0.9934
    ],
    "strategy3_cumulative_birep": [
      0.013234,
      0.030671,
      0.048128,
      0.065802,
      0.084192,
      0.107178,
      0.140811,
      0.180915,
      0.223683,
      0.270933,
      0.334863,
      0.469837,
      0.606539,
      0.835016,
      1.148515,
      1.51474
    ]
  }
}