{
  "layer1.0": {
    "0": 0.265012,
    "1": 0.252171,
    "2": 0.263615,
    "3": 0.209112,
    "4": 0.246662,
    "5": 0.23499,
    "6": 0.246148,
    "7": 0.23368,
    "8": 0.179649,
    "9": 0.235403
  },
  "layer1.1": {
    "0": 0.397173,
    "1": 0.50957,
    "2": 0.474943,
    "3": 0.39431,
    "4": 0.600757,
    "5": 0.467029,
    "6": 0.552882,
    "7": 0.470124,
    "8": 0.331297,
    "9": 0.463905
  },
  "layer1.2": {
    "0": 0.671542,
    "1": 0.754799,
    "2": 0.579162,
    "3": 0.51034,
    "4": 0.687124,
    "5": 0.546914,
    "6": 0.678722,
    "7": 0.754238,
    "8": 0.690743,
    "9": 0.78377
  },
  "layer2.0": {
    "0": 0.366424,
    "1": 0.341231,
    "2": 0.413021,
    "3": 0.293216,
    "4": 0.424042,
    "5": 0.298655,
    "6": 0.331357,
    "7": 0.389238,
    "8": 0.385787,
    "9": 0.286377
  },
  "layer2.1": {
    "0": 0.885733,
    "1": 0.899925,
    "2": 0.853886,
    "3": 0.837821,
    "4": 0.823811,
    "5": 0.882692,
    "6": 0.875879,
    "7": 0.880277,
    "8": 0.896813,
    "9": 0.903297
  },
  "layer2.2": {
    "0": 0.915988,
    "1": 0.827248,
    "2": 0.930635,
    "3": 0.85162,
    "4": 0.888358,
    "5": 0.883569,
    "6": 0.906307,
    "7": 0.891573,
    "8": 0.909629,
    "9": 0.783845
  },
  "layer2.3": {
    "0": 0.902915,
    "1": 0.915989,
    "2": 0.9287,
    "3": 0.888862,
    "4": 0.895205,
    "5": 0.902236,
    "6": 0.895584,
    "7": 0.890854,
    "8": 0.912174,
    "9": 0.9163
  },
  "layer3.0": {
    "0": 0.408476,
    "1": 0.282981,
    "2": 0.410135,
    "3": 0.297515,
    "4": 0.325917,
    "5": 0.213933,
    "6": 0.320131,
    "7": 0.236716,
    "8": 0.292986,
    "9": 0.249102
  },
  "layer3.1": {
    "0": 0.884606,
    "1": 0.892047,
    "2": 0.903113,
    "3": 0.873346,
    "4": 0.87888,
    "5": 0.845662,
    "6": 0.842163,
    "7": 0.865155,
    "8": 0.896127,
    "9": 0.883518
  },
  "layer3.2": {
    "0": 0.896723,
    "1": 0.853077,
    "2": 0.895529,
    "3": 0.869988,
    "4": 0.898507,
    "5": 0.876463,
    "6": 0.824472,
    "7": 0.897355,
    "8": 0.904884,
    "9": 0.873007
  },
  "layer3.3": {
    "0": 0.888276,
    "1": 0.863612,
    "2": 0.905769,
    "3": 0.859793,
    "4": 0.851857,
    "5": 0.786899,
    "6": 0.814889,
    "7": 0.815571,
    "8": 0.884236,
    "9": 0.850564
  },
  "layer3.4": {
    "0": 0.890658,
    "1": 0.859586,
    "2": 0.860136,
    "3": 0.685615,
    "4": 0.801294,
    "5": 0.704104,
    "6": 0.81442,
    "7": 0.834949,
    "8": 0.900394,
    "9": 0.869281
  },
  "layer3.5": {
    "0": 0.822667,
    "1": 0.798013,
    "2": 0.784102,
    "3": 0.859986,
    "4": 0.780051,
    "5": 0.821874,
    "6": 0.79441,
    "7": 0.6565,
    "8": 0.873259,
    "9": 0.857861
  },
  "layer4.0": {
    "0": 0.569491,
    "1": 0.578898,
    "2": 0.47165,
    "3": 0.487809,
    "4": 0.538364,
    "5": 0.53902,
    "6": 0.544221,
    "7": 0.480593,
    "8": 0.58191,
    "9": 0.485281
  },
  "layer4.1": {
    "0": 0.850462,
    "1": 0.85167,
    "2": 0.845192,
    "3": 0.878686,
    "4": 0.884673,
    "5": 0.875968,
    "6": 0.876299,
    "7": 0.864563,
    "8": 0.827516,
    "9": 0.786871
  },
  "layer4.2": {
    "0": 0.734931,
    "1": 0.706739,
    "2": 0.746158,
    "3": 0.779734,
    "4": 0.757122,
    "5": 0.811767,
    "6": 0.743714,
    "7": 0.730888,
    "8": 0.718578,
    "9": 0.623377
  }
}